-- phpMyAdmin SQL Dump
-- version 4.9.2
-- https://www.phpmyadmin.net/
--
-- Host: 127.0.0.1
-- Waktu pembuatan: 12 Nov 2022 pada 02.18
-- Versi server: 10.4.11-MariaDB
-- Versi PHP: 7.4.1

SET SQL_MODE = "NO_AUTO_VALUE_ON_ZERO";
SET AUTOCOMMIT = 0;
START TRANSACTION;
SET time_zone = "+00:00";


/*!40101 SET @OLD_CHARACTER_SET_CLIENT=@@CHARACTER_SET_CLIENT */;
/*!40101 SET @OLD_CHARACTER_SET_RESULTS=@@CHARACTER_SET_RESULTS */;
/*!40101 SET @OLD_COLLATION_CONNECTION=@@COLLATION_CONNECTION */;
/*!40101 SET NAMES utf8mb4 */;

--
-- Database: `al-anshor`
--

-- --------------------------------------------------------

--
-- Struktur dari tabel `tbguru`
--

CREATE TABLE `tbguru` (
  `nik` int(100) NOT NULL,
  `nama_guru` varchar(100) NOT NULL,
  `tempat_lahir_guru` varchar(40) NOT NULL,
  `tanggal_lahir_guru` date NOT NULL,
  `agama_guru` varchar(25) NOT NULL,
  `jenis_kelamin_guru` varchar(25) NOT NULL,
  `telepon_guru` int(25) NOT NULL,
  `email_guru` varchar(50) NOT NULL,
  `alamat_guru` varchar(100) NOT NULL,
  `pendidikan_guru` varchar(10) NOT NULL,
  `status_kawin_guru` varchar(25) NOT NULL,
  `jabatan` varchar(50) NOT NULL,
  `status_aktif_guru` varchar(25) NOT NULL,
  `foto` varchar(255) NOT NULL
) ENGINE=InnoDB DEFAULT CHARSET=utf8mb4;

--
-- Dumping data untuk tabel `tbguru`
--

INSERT INTO `tbguru` (`nik`, `nama_guru`, `tempat_lahir_guru`, `tanggal_lahir_guru`, `agama_guru`, `jenis_kelamin_guru`, `telepon_guru`, `email_guru`, `alamat_guru`, `pendidikan_guru`, `status_kawin_guru`, `jabatan`, `status_aktif_guru`, `foto`) VALUES
(0, 'sds', 'asd', '2020-11-13', 'asdasd', 'Laki-laki', 0, 'asdas', 'asd', 'S2', 'Belum Menikah', 'asdas', 'Status Aktif', '36148386_235329013928908_5587443012587225088_n8.jpg'),
(2343, 'Wulandari', 'Banten', '1980-07-01', 'Muslim', 'Perempuan', 21564896, 'wulandari@gmail.com', 'wulandari@gmail.com', 'S3', 'Kawin', 'Sekretaris', 'Aktif', 'default.jpg'),
(5001, 'Wulandari', 'Banten', '1980-07-01', 'Muslim', 'Perempuan', 21564896, 'wulandari@gmail.com', 'wulandari@gmail.com', 'S3', 'Kawin', 'Sekretaris', 'Aktif', 'default.jpg'),
(5003, 'Syarhril Romadon', 'Jakarta', '1997-06-02', 'Muslim', 'Laki-laki', 215454654, 'syarif@gmail.com', 'syarif@gmail.com', 'S2', 'Kawin', 'Tata Usaha', 'Aktif', 'default.jpg'),
(5006, 'Yuliyanti', 'Brebes', '1991-07-05', 'Muslim', 'Perempuan', 856226337, 'yuliyanti@gmail.com', 'yuliyanti@gmail.com', 'S2', 'Kawin', 'IT Staff', 'Aktif', 'default.jpg'),
(5008, 'Andi Prayoga', 'Bogor', '1990-07-07', 'Muslim', 'Laki-laki', 815689533, 'andiprayoga@gmail.com', 'andiprayoga@gmail.com', 'S2', 'Kawin', 'Guru', 'Aktif', 'default.jpg'),
(5009, 'Nurwayuhdi', 'Jakarta', '1990-07-28', 'Muslim', 'Laki-laki', 896354966, 'nurwahyudi@gmail.com', 'nurwahyudi@gmail.com', 'S1', 'Kawin', 'Guru', 'Aktif', 'default.jpg'),
(23434, 'Syarhril Romadon', 'Jakarta', '1997-06-02', 'Muslim', 'Laki-laki', 215454654, 'syarif@gmail.com', 'syarif@gmail.com', 'S2', 'Kawin', 'Tata Usaha', 'Aktif', 'default.jpg'),
(32434, 'Yuliyanti', 'Brebes', '1991-07-05', 'Muslim', 'Perempuan', 856226337, 'yuliyanti@gmail.com', 'yuliyanti@gmail.com', 'S2', 'Kawin', 'IT Staff', 'Aktif', 'default.jpg'),
(346346, 'Nurwayuhdi', 'Jakarta', '1990-07-28', 'Muslim', 'Laki-laki', 896354966, 'nurwahyudi@gmail.com', 'nurwahyudi@gmail.com', 'S1', 'Kawin', 'Guru', 'Aktif', 'default.jpg'),
(436346, 'Andi Prayoga', 'Bogor', '1990-07-07', 'Muslim', 'Laki-laki', 815689533, 'andiprayoga@gmail.com', 'andiprayoga@gmail.com', 'S2', 'Kawin', 'Guru', 'Aktif', 'default.jpg'),
(34234324, 'sds', 'asd', '2020-11-13', 'asdasd', 'Laki-laki', 0, 'asdas', 'asd', 'S2', 'Belum Menikah', 'asdas', 'Status Aktif', '36148386_235329013928908_5587443012587225088_n8.jpg');

-- --------------------------------------------------------

--
-- Struktur dari tabel `tbkelas`
--

CREATE TABLE `tbkelas` (
  `kode_kelas` varchar(25) NOT NULL,
  `nama_kelas` varchar(100) NOT NULL,
  `kapasitas_kelas` varchar(35) NOT NULL,
  `wali_kelas` varchar(50) NOT NULL
) ENGINE=InnoDB DEFAULT CHARSET=utf8mb4;

--
-- Dumping data untuk tabel `tbkelas`
--

INSERT INTO `tbkelas` (`kode_kelas`, `nama_kelas`, `kapasitas_kelas`, `wali_kelas`) VALUES
('1', '7A', '25', 'Ali'),
('2', '7B', '30', 'Hawa S.Pd'),
('3', '9B', '30', 'Ari Darmanto S.Kom'),
('4', '8B', '30', 'Adam M. S.Pdi'),
('5', '8A', '30', 'Reza Pahlevi SE'),
('56456', '9B', '546', '56546'),
('6', '7B', '30', 'Danang N S.Kom');

-- --------------------------------------------------------

--
-- Struktur dari tabel `tblogo`
--

CREATE TABLE `tblogo` (
  `logo` mediumblob NOT NULL
) ENGINE=InnoDB DEFAULT CHARSET=utf8mb4;

--
-- Dumping data untuk tabel `tblogo`
--

INSERT INTO `tblogo` (`logo`) VALUES
(0x89504e470d0a1a0a0000000d494844520000004b0000004b0806000000384e7aea000000097048597300000b1300000b1301009a9c1800000a4f6943435050686f746f73686f70204943432070726f66696c65000078da9d53675453e9163df7def4424b8880944b6f5215082052428b801491262a2109104a8821a1d91551c1114545041bc8a088038e8e808c15512c0c8a0ad807e421a28e83a3888acafbe17ba36bd6bcf7e6cdfeb5d73ee7acf39db3cf07c0080c9648335135800ca9421e11e083c7c4c6e1e42e40810a2470001008b3642173fd230100f87e3c3c2b22c007be000178d30b0800c04d9bc0301c87ff0fea42995c01808401c07491384b08801400407a8e42a600404601809d98265300a0040060cb6362e300502d0060277fe6d300809df8997b01005b94211501a09100201365884400683b00accf568a450058300014664bc43900d82d00304957664800b0b700c0ce100bb200080c00305188852900047b0060c8232378008499001446f2573cf12bae10e72a00007899b23cb9243945815b082d710757572e1e28ce49172b14366102619a402ec27999193281340fe0f3cc0000a0911511e083f3fd78ce0eaecece368eb60e5f2deabf06ff226262e3fee5cfab70400000e1747ed1fe2c2fb31a803b06806dfea225ee04685e0ba075f78b66b20f40b500a0e9da57f370f87e3c3c45a190b9d9d9e5e4e4d84ac4425b61ca577dfe67c25fc057fd6cf97e3cfcf7f5e0bee22481325d814704f8e0c2ccf44ca51ccf92098462dce68f47fcb70bfffc1dd322c44962b9582a14e35112718e449a8cf332a52289429229c525d2ff64e2df2cfb033edf3500b06a3e017b912da85d6303f64b27105874c0e2f70000f2bb6fc1d4280803806883e1cf77ffef3ffd47a02500806649927100005e44242e54cab33fc708000044a0812ab0411bf4c1182cc0061cc105dcc10bfc6036844224c4c24210420a64801c726029ac82422886cdb01d2a602fd4401d34c051688693700e2ec255b80e3d700ffa61089ec128bc81090441c808136121da8801628a58238e08179985f821c14804128b2420c9881451224b91354831528a542055481df23d720239875c46ba913bc8003282fc86bc47319481b2513dd40cb543b9a8371a8446a20bd06474319a8f16a09bd072b41a3d8c36a1e7d0ab680fda8f3e43c730c0e8180733c46c302ec6c342b1382c099363cbb122ac0cabc61ab056ac03bb89f563cfb17704128145c0093604774220611e4148584c584ed848a8201c243411da093709038451c2272293a84bb426ba11f9c4186232318758482c23d6128f132f107b8843c437241289433227b9900249b1a454d212d246d26e5223e92ca99b34481a2393c9da646bb20739942c202bc885e49de4c3e433e41be421f25b0a9d624071a4f853e22852ca6a4a19e510e534e5066598324155a39a52dda8a15411358f5a42ada1b652af5187a81334759a39cd8316494ba5ada295d31a681768f769afe874ba11dd951e4e97d057d2cbe947e897e803f4770c0d861583c7886728199b18071867197718af984ca619d38b19c754303731eb98e7990f996f55582ab62a7c1591ca0a954a9526951b2a2f54a9aaa6aadeaa0b55f355cb548fa95e537dae46553353e3a909d496ab55aa9d50eb531b5367a93ba887aa67a86f543fa47e59fd890659c34cc34f43a451a0b15fe3bcc6200b6319b3782c216b0dab86758135c426b1cdd97c762abb98fd1dbb8b3daaa9a13943334a3357b352f394663f07e39871f89c744e09e728a797f37e8ade14ef29e2291ba6344cb931655c6baa96979658ab48ab51ab47ebbd36aeeda79da6bd45bb59fb810e41c74a275c2747678fce059de753d953dda70aa7164d3d3af5ae2eaa6ba51ba1bb4477bf6ea7ee989ebe5e809e4c6fa7de79bde7fa1c7d2ffd54fd6dfaa7f5470c5806b30c2406db0cce183cc535716f3c1d2fc7dbf151435dc34043a561956197e18491b9d13ca3d5468d460f8c69c65ce324e36dc66dc6a326062621264b4dea4dee9a524db9a629a63b4c3b4cc7cdcccda2cdd699359b3d31d732e79be79bd79bdfb7605a785a2cb6a8b6b86549b2e45aa659eeb6bc6e855a3959a558555a5db346ad9dad25d6bbadbba711a7b94e934eab9ed667c3b0f1b6c9b6a9b719b0e5d806dbaeb66db67d6167621767b7c5aec3ee93bd937dba7d8dfd3d070d87d90eab1d5a1d7e73b472143a563ade9ace9cee3f7dc5f496e92f6758cf10cfd833e3b613cb29c4699d539bd347671767b97383f3888b894b82cb2e973e2e9b1bc6ddc8bde44a74f5715de17ad2f59d9bb39bc2eda8dbafee36ee69ee87dc9fcc349f299e593373d0c3c843e051e5d13f0b9f95306bdfac7e4f434f8167b5e7232f632f9157add7b0b7a577aaf761ef173ef63e729fe33ee33c37de32de595fcc37c0b7c8b7cb4fc36f9e5f85df437f23ff64ff7affd100a78025016703898141815b02fbf87a7c21bf8e3f3adb65f6b2d9ed418ca0b94115418f82ad82e5c1ad2168c8ec90ad21f7e798ce91ce690e85507ee8d6d00761e6618bc37e0c2785878557863f8e7088581ad131973577d1dc4373df44fa449644de9b67314f39af2d4a352a3eaa2e6a3cda37ba34ba3fc62e6659ccd5589d58496c4b1c392e2aae366e6cbedffcedf387e29de20be37b17982fc85d7079a1cec2f485a716a92e122c3a96404c884e3894f041102aa8168c25f21377258e0a79c21dc267222fd136d188d8435c2a1e4ef2482a4d7a92ec91bc357924c533a52ce5b98427a990bc4c0d4cdd9b3a9e169a76206d323d3abd31839291907142aa214d93b667ea67e66676cbac6585b2fec56e8bb72f1e9507c96bb390ac05592d0ab642a6e8545a28d72a07b267655766bfcd89ca3996ab9e2bcdedccb3cadb90379cef9fffed12c212e192b6a5864b572d1d58e6bdac6a39b23c7179db0ae315052b865606ac3cb88ab62a6dd54fabed5797ae7ebd267a4d6b815ec1ca82c1b5016beb0b550ae5857debdcd7ed5d4f582f59dfb561fa869d1b3e15898aae14db1797157fd828dc78e51b876fcabf99dc94b4a9abc4b964cf66d266e9e6de2d9e5b0e96aa97e6970e6e0dd9dab40ddf56b4edf5f645db2f97cd28dbbb83b643b9a3bf3cb8bc65a7c9cecd3b3f54a454f454fa5436eed2ddb561d7f86ed1ee1b7bbcf634ecd5db5bbcf7fd3ec9bedb5501554dd566d565fb49fbb3f73fae89aae9f896fb6d5dad4e6d71edc703d203fd07230eb6d7b9d4d51dd23d54528fd62beb470ec71fbefe9def772d0d360d558d9cc6e223704479e4e9f709dff71e0d3ada768c7bace107d31f761d671d2f6a429af29a469b539afb5b625bba4fcc3ed1d6eade7afc47db1f0f9c343c59794af354c969dae982d39367f2cf8c9d959d7d7e2ef9dc60dba2b67be763cedf6a0f6fefba1074e1d245ff8be73bbc3bce5cf2b874f2b2dbe51357b8579aaf3a5f6dea74ea3cfe93d34fc7bb9cbb9aaeb95c6bb9ee7abdb57b66f7e91b9e37ceddf4bd79f116ffd6d59e393dddbdf37a6ff7c5f7f5df16dd7e7227fdcecbbbd97727eeadbc4fbc5ff440ed41d943dd87d53f5bfedcd8efdc7f6ac077a0f3d1dc47f7068583cffe91f58f0f43058f998fcb860d86eb9e383e3939e23f72fde9fca743cf64cf269e17fea2fecbae17162f7ef8d5ebd7ced198d1a197f29793bf6d7ca5fdeac0eb19afdbc6c2c61ebec97833315ef456fbedc177dc771defa3df0f4fe47c207f28ff68f9b1f553d0a7fb93199393ff040398f3fc63332ddb000000206348524d00007a25000080830000f9ff000080e9000075300000ea6000003a980000176f925fc54600002af54944415478daecbc79945d577de7fbd97b9fe9ce3549a552a934cfa3254bb63c0fe081c106033638842134909704924e87bc3cba571292c783109a4e1e8104623010c0609a00068cf128d978902dd9b2246b9e55926a1eee7ca6bd77ff71cbb28d8b2901badf6bf65a67adba75cfbdf79ceffe8ddfdfef7784b596dfac9f6fc9df40f01bb07e25cb79f18b7dcf3d4d4767379572198da03632c6d1330799189da0b36b0e8b66f712d527397efa344f1d3c0c8d3ae7af5ecbe215ab7102d8b1fd29662d58ca538f3ccae517ace7c1871fa1d036833dbb7772f52557f2f49e6708272bd485617ce4343a95b4e70be07b947aba0812834d533934387861a1d4d63e51197962703c9e88c6c78890f4cc9e41b35621b13ef9a044d74c9759ed3d1cd8bd8fc2ec2e329d9d7416035e7dcd0d4c54ea903659bb6a2d51a3c9ba0bce67f773cf313a7884d9b316b370c52a86874e93e894237b0f31541d26d5968e4209ad2ddb76efc2510a804ffeeddfbd1cacff194b000881ef39f9fe23875e391e07b70e67baaf8d26545b5b5dfd289d2cdf99c17e33c20efd2f2559bfae65b108215002844e4b13a3d59b0f8dd77f673cb7fcc264cd35ca5db692c8cba1cf1cba4ceddf7249ede063efcf8c9db9c3c6f11730ba5f4af1bf0b5816d775304934abde34371faf89f7850b372fb5abaf269dbb8e3028d18c238c2388176d40cc5f298b17dcb84cef7af2af8e1dddf27bfec89e2f663df18562a6ed901002ecff1fc11220a5c077d4cc13fdfd6f3f5517ef6a2cbe7685d9f42af49cd54409a4ba896d4ca0ac87d009d6488cf5182f2ec4bd7a29b90baf9a15efdafa7f55776d7d673a7aea5ff285fce7dd2ee7d0af0b31e7572f47a0944419e38f0c8ffef6be53937f34b1f8d23562dd9598de4dd42de87a8cb420ac42a0d1329dba7f0b2a060d5aa718bf9bec456fc15f75f5acdab3f7ff9fbbf6fde0edd567f77edeb1e6934acae1ff4f832584a090cb8866ad76cd97effade5feecf2ebc58def8fb3416ae2394021547186d0081111261c4f3261f50202c580b08048634154c1a89caccc6bde21d64cfbb62d6fe27effe2fc5ddf7bd65eec4e4dff67475dce9384ef95715673bbf3abbe4224cbae291ad0fffe993e5cc2dc979afcbb1fe1aaa328f48ab282990228b11022b62944eb1cac72a894c3542588452082149b445488d151a994a844ab155a8e41710bce60fa8acddbce8c0c3fffad991bd07deba6a5edb47f3f9ecbde55ae3978ed92f1d2ccff5c86602f7c9c71ef9836f3eb6eb03a3bd17f7fa37df42386301513544881037563881070e147403c284b094c39b1c44028d4c1756a514cb9378932354671490ce4ca448302a4b53c59820464529cd3445f66ca278f332c69e7de0f2c71ef9f246eff6afdc71d9e5977cb854ca9e9452fed22cda2f0d2c6b2d994c86ead8e8ea879f78fae33baafa7afbda3f42ccbd949a4ed08d093c15a0a4030832e36770cb0789cf1e40c62ed9f5d7c19e2de8a131bc9bff081dd7504fdc8322a43859c20e4f42ea921604cec24dd0b394869341b975129d32a673e437be017fd1daec5df77fe9dd3b6efffcf5ffe1a61bff6cf5f2d55f5352d9ff65c09242d05e2a3a07f6ef7bd75d0feffeebfede0bbb0b37bc9b7226431cd7f0dc3c52fb641b03f8a79f439766a0060f101cd84e30770de9ec76e463df23638fd09c1c64f2c4d314553b444314dff0bb84070e10a65b09dafa98289fa5a33c48f9f1bb69dff40aea5e96a06b26b137937ad8202cce23fba60f30bcfb47733e72e797be78fcc8f16bdffd9ef7fcb570dd63ff5eaf29fffdb6c9238ec28e4ffefd273ff3cff73dfbe9c1abdfd3ad6ef803269c3cba19e27812317c8cd2c441fca34f527cfa41d4a9a771bbfa70e314551dc7b7063b74985ad2855a7a11e2d80ea2ae36c26c9189077e40bce70154b11b429f7cf75cccc1ed14eafb08f4046dcfdc83fbdd2fd2561e224b13ab359524c0ac7b1dc1bbfecabdfdd8c43bfecb9f7fe4873b1f7bec8642b10842fccf902c8beff9d426c7d67ef49bdffeec8313fee6d29b3f4263d662a2b4891455c8e59156e13547719ebd1b257c125da3707c3ff5c89276f5d27032d8d108ffea5b2877cfc12976200747a867727817be824cff247ac1124c902719380da38748bc0cd616716a93e8acc78c656ba9effe1e484df692f760534da3314ed8b684c2db3ec6e30f7f6dc95bdeff9fbffea7ef7ee387cf3b6fd9272cc4bf3eb084c0751c927aed868fddfe8d4f0dafbd6e6ee9a6775189036c3d44060efee9319c629db8ad175f7a84c79ea578f5ad847316d03629897325c2f5d711163a10daa5e204085ba71681ea5c84930a6aa565a4794128531c2d111d0b50c946bcb61938fb1fc23db607c71aaafb1fc31f394afbc28dc8c38f332103328b2ec654aa4ce615b957bf9fc6ec15d90fddfeff7ee4ed972f5dfdbef7fdc907a49203f6570996b51629254a40bd5c7ecf5ddbf6fdd7f8aadf2bca0d37510e2b0815e3c59a60628260e220d1d171d42537e28f0de25f7013f5f665d89e159cb48224eb609a0e223468a991718a54207c87a05ac19d3841387b190d936290681cace7227c453d8e7096be1233a30f7fe838def85974dac0a9d5683c7137dd976ca2b2b7417dce1a5cd3456db44c71c5a5f8ed73f8ec373efa5b93e127e77ff0cffee49dd96ce670b952fdd5d82ca514b96cc6b9fbfb3ff8ebaf6c3bf44fd1abffb4989ef70ae2da381ab07e8c7fec87b8777d948ef2494a43bbf01ff80c8d7a4479d33ba8f62ca7227344c2454729d64640032b6b1859259182bcebd076e051ccb73f4c5b3482ebe470c30c8e91386984481b88b481491a8cb5f730b2e44a862f7f27f515afa73e7a9ccce239c48f3f8539be0dd55e40392e2a9fa5a61bd47a97d1f1debfe5bf9f2e5ffcbb7ff4bebb86ce9cdd98cd6631c6fe72c11242e029e5dff6c5af7ef27ba76a7f9e7ff3075473de79d4e304ed35c891207401d3b5848213533e7c848a9d41dab618bbf972aa8e25c225491b6893605230d662858fd2198474718312d9c1c344fd4f50ec5980dd763f9e9b92140d2931a9f6312683111eda6a6c2c496c423da9912c5a85f39a0f922cbd9e5aa60d75d12d789363649ffc3c6dc71fc71379d25a9d8a28907fd38779da5bb1e20fffec2ffef5d8e14397e672397e9e08f6e7024b4949c6734b1fffd4276ffbcceea1df0bdefa6126db5790c421d2f3705d8f60d74394860fe1ce5cc1982ca2afbe96c69b7e9fc605b7d24cda5051827889eb6ea53616b04220bc2c6d43fbd0f77d0db5f002a237fe05e9e818c1d6dbe950551c2700a55ade4c3cff798bd0292a91d46496d1994b29cb02f6b29b307e01fbe81de412f0f66f25337808df0b4874ca849a81ffbaffc8eede0be7fef19f7ffceb674e9ebc3a9b09fefd602929097cbff8d9cf7df9735f3f15beadf0d63f61acb08430b4483cdc8941da766fa5bb710273efa711a79f20b8eab7a9cd5c432272d46c8358c4586911c6222c20054244b81894eb920b3cda0e3d8af9e1e7c82e3c0fb1ea7a62a391af790b6a741cf75fbf42676d807ca0903644c80481405881320a6904da6a92789cb8d84e7df61af4683f7eda446eb81e67e1668a7bbf8fdb3883ce06387a82aa5138d7fc3e6756ded8fbb1dbbe74c7d0d9d3aff47dffa74a98fc99aae7c88eafddf9cd2f3c5829bca9f496bfa09e994f9ad6f085c10914d940123ef93093670ee1b679c4878f30dabb967aa6079386c834c65a8bb502a6c0725281c0c70b3cba9a27c93e741bf2997b5017bf81e1cbdec0e2a30f72e3b6bb48b2ede81b3e88ecea46ffe09fc8effc166df8e46c074ad65016acb468158188413a6863d061483c673eb66b31c9fd5fc0eddf813b7c18ff91ef30a33a4462255a2b9a3a87bae256c62e7863f76d77dcfba5c181b397f8beff8b8165ad452945e0399db77ff5bbb73f509ff586f65bfe9831d586499b04498a9539dc5d8f221ebd8bcef52b71631777f97598eb6e45c5112411464990f21c57d3e2ea2c5665283a90df731f8def7e1ed72ad46bdec3d8922b290d1de675fbefe16dbbeee29a67be83688c3379e59b712e7a03e2d861c47d9f263bba17c7eb44480d4682ce8075cf29b72126f10aa4975d8f9ed94b7dff4eea89433eade33cf70859d7021695d4a844296af3db183fefb5b36fffc6dd5f1e1d1ad8100401d38998fad0873e74eec5c8f000996c9e344df1fd20f7898f7efcb6af1dabbfa1e3d6bf66c22d609226120b9ec20db2f8c3fb29ecfb2ec96885a4ad83c69c8ba975cc83b48c4561b5040b52aad64d88003750e4d3d3a8fbfe0567f014f2a257515d7b2315af0b276972f9c1bb78dbeefb59561d60466588bd33e6703cbb8866670f9925cb71cb03c44fdd8ba704b66f39f1f39c9906490218a434102b229b437694f027cfd0d1b998b03e42a61e92f6f69204ed383a0199522720377f055153b79fd8f2c3cd0bfabaefafc4e104589234e1b5d7bd7a7ac912421078aeff777fffa97ffce2cec99b3b6ffe203595238d9a48294116f1a388fcf67b2995da4966ce42cf594afd8d7f4ca3673e54aaa4385346f885dd3152e0790e33ab679077df86cc06c4af7b2713bd1b09e384346de2a5652e3e7d9839cd2aa0583a3ecc9291413c27c4a615465540f9e2779079e57f403cbb85fcd63be8924d946390ca4c858d0e0607eda4e838a1969f8db9f0262a4343c8fa005e3a4ce1a9fbc835cac4ca2146614dc278229097ddcaa90557acfba77ff9fa67aac3835d44298be62d985e0da59464b359f78b9ffac7fff6b9fb77bc3dffdb7fc2447b0fa149c1c9218587f434dec97de48fdc83d9f520c94895c4f10975279190a47e136b0506819d4ac3ac3020030af1299af7fd337ee772e257bc934931071b83e31824904a095a524d3513d2d23021d642aa14ae0e70224118d5189ab702f1faf7a2078ea39eba9b9c5018ed8315602516851116ab52925453ef5e4fb4fe4262dd20ae8e51eb7f0e74038445880461ab0813338a2479c59b39bbe8d2573ebdfde94f793acd2c7e11582f51c37a6dd2fbfef7effdf3bfbceddb1fb0b7fe09cdcea5a4710452b570351a9b11e44c88181bc1cbfa48a744bc6c238db68e969a1b718e4e46801512212c1991221ffb16ae27d057fc0ee3d641a660444c2a23941568c7454693acbde234cbdf1eb1b57b055f6e7b2d13f9d9200cc66a04169168e2a013b7af13fdc456fcb60e9a336663d31481c5225bde724a1a2261519919e4336d5863f0fd00d77569967a49653025ff2eca689ad2a5306f35d593c757676ae3defaf5ab1e59b162957e99647deb8eaffedf1ffefbcf7e50bdfabdc47d9bd0da4158173008d54469813b780a3b7e0cb57001f1c8699a1d3dd47a376292606a671dce89141684c5111ec1e05e9ce1d3d88b6f654c79602c4698d6a95662448a4e1d9e5a7621fa1df328dc344ef396551ccfcf47c4294c1530ac96080ba916344a0bf0576e80dd0f91892a539b0a60b0c660ad05ed6063433de7525bb496eae049183c82f7dca3e4cbfd04caa06ca615ce20909164d22be2dff89fd83162fff8c073fbde3ead1a0e9e3ce3355d4fc6f396e0c402211aadaa8c019b6adc6c9eccd041bc7bef446c7d90a4733ef1ba57911a85a58235b4787321a67873811002e902277623e6ada696eb81a489d060992a4c18856d8921917068241380a6d23460122c0eda7818015a404c8a35213a7609576c42c611cec071705c2c4eebbb5a328856a6055f0a21594a0b2fa0d9310fe6af45ecde42a6d1aadd0a0b5a58241a624bb5d489e999edec3f74a4675ab05e79c3ab1fcd046a24aa4568eb61ac9cfa498b30594475847cdca473d335341d835a771593d91c898db0d6033460ce19766b055648bca8891e19829ef9a4c6c50a8115faa5114c4bc4b0d6626205289a4d098e02a910c23c1ff423ac405a8306c2dc5c44a1801a3cdc8abbc44bd911ac9d52618728c8512fb4217a57a3d76e4284062749b1be6a49a105830123d149829bc6260c93b3d382b5f7c0de7dba599974a21a898a104623acc02251d290f3eab8a74e31569e24bb7035957a8cb2cf5761d4b49c97b002a563b4d4c4d91c492240cb97d7a84d0b208324d42deab9d2502032b4dc857e69c91f8bb406630569be48260c714d8a9529c29a97079446930845326f25fec429d2effe1333a8a16a65d00d1c615fb8162b50a94135ebc99a552b06a7056be7d3db87da33de888ccb481b8274b0c6c558172115f1e983d81c64d29058a4d0d60e09282391369d96f742803502651d449a606dca74f4ae148070d0c627d52ea0a86807ac69c9b6745e22891681b109c804615ef0bc08dddabc9668bf70003611841df349fb9691d19691d387494e3d4756b4bc68eb7329d201c22a2a8d1a4b172f9c5eb2def0a61bcb2b97ce1f48468740281053019e92a0eb64868711cad06c86e8fc3c927c172feca199b60a6db1c48e8f523e34ca388ec1ca69ce45032958499cba80a49104addfb631f6c701b6adcd105a631b751a8502a954482da76cd64b97998aed6b40dcb711ddd18737b383b6ae39e84a32e53ba792732c36aae1a4d5d15ddb1e1b9d16acc43a3a1072d8ad8eb7bca030085947a898ac8cb063fd34f63d8a7213ecb28d44044861a76cc9cb33276140694bea79a4c502ce441957b662aa1fe7c25bb622c5a610ea006c40232cb6be5798976c86c0829058e54158c7366bd88e4eb400611d10d3b3bbd21a7ceb11ea26b591e70826fa512776e1198d711442a658d1322b497d9276cff64ff41fa94e0bd6bc05ebe89ed97bd8d646705281b11ec6f848244eb94eb6a393f6351b08dd2ccd246a7949ab314a60a49c5eb22c58617167ce45f61fc733a6556d7e5e4d9e3f5180b4026d0c9151189ba19278ad9ccfbef4bbadb45825711d9fe2783f32d2781d3d186bb0a89fdc47202ca94eb0d91299392bd1bd1b695a10e3fb90d260b118e122028764728462ce1f48b3a5685ab0facf9cc2c8e48c138ea6c254504478b681b50613e4882a93944f0e5270ba905a4d79198bd5068c99fefa84c5c492b46725493a863f7c10e5bad36cbc6925c6ca21d62ecdb84835f5800c48fd7295b51adf68dc634f21bae6532bccc2eaf4a736a6b4a27a814aa1190b9c651bf0da7ac89edcd3525febb7541b43ae39c9f123074f3cb57b57382d5877dff31d9a61f3e44ccf4ea86808ab2c89dbde6205ce1c22713b48ce7f0da34bcf27c9e548758c9562ca90ffd83105971109584ba3301377f66cd4a16d7856230087e7414bc0b8e8a9026c6c33d4138738ce8348a724f085431901aec0ad9e261c388e59be9c50f95341703aad16b68cb7c01843980b487dc9e48fbe4d6a352cd884d50ed2081cdd0a21183ac325e76d38f2fa1b5f6fa62d58f4cceac573d580df3c5596b5da0c515a08d4484c4a387b256ae12a9ab912a9011335415b7e7a8b94c05a811031a96c275d7119eefd9fc73f7b8670d63ca44e5ab84a81c56b69a784544baac6a3a1f3adc8dabe541253e5925716ffb947498ab3a8cd9f8bad37715207212c5364c7cbc51cc0a6c426c05d7b336a71855a7b1f4d1f621d21656b23dc3421a88dd8068d5313e5daf4d59de5cb971304de99195b9e3d796cfcc462fa9663a214372dd2f43cacaa222a692bab1102ac6e79cd9f5a12723122c5a74e3ae742720b8e20fb7761172c247125ae69195481245506e90638ba485597485d83e70a9c73b23265dba44ba636824e26c85e783d71321bec0446b6b207fb938d564bda754435d783282c468a2a9610ac83753446286c65807c3a3150ad964f358e27d383a52b8624347646c6df67868fbd424803ba449f33c8849a644c2ec4951a61744b7fadc23c7f0de72e514dd1c7b6d50ea9248e74c81cda42726c2f49b58a139d410cef9e4a770d20a792de94fa8420166751731aa4dffe1abe7d00eb24c81721203598b48e6335cd87be4a26d385b8e846cac559a0d3974631f6c5a1ac3a677c040d441a619c043f69d293e967c0ce22a603591dc46d964f99a29c889acde9c13a7ae2105208ba7b4abbbca36730a9a42e12e6b41fe69639fd7cf249432d588072b248d3680582a2d51e04b2451ddb97c6a46883632da619e30f1d24757d9a4117b2328e6313b455ad1c453a08a5a01692a4213656b813353ca5489c04a99f7718020785549a041fc251f02cca6ac454f8722e2613a215a46201672a1b6931a9d20a8450e85a952be6fe8895dd099fde7d312ad3453c7082beb6cc892b2eda38d18ce2e9c1eae8ec400828e673cf15773e95d6ea758720cbe18136fef292adccc91de2835b6ea5ec2d43aa00612c8ef41068ac8dd056b62e782af61246225c41242c76d565b0ee3ab4552469840e43b4102d0f88c55a17848f4905f775ede154ff4926de742193b21d6beb48dc96aa0810da221c8d1bf8b8526285436c044e6230645a294f8bc0c61ad9b27b0aac4d90da0199c3345d4cf334af9e7b2f7f77ed6efee6910b094d1b199120864fb26466fbc1b58b1698fa4f92ac8b2ebe04210449d8dc3ff3fb5b4e5486f72d76165fc619319f2fef9cc5675ef71d96e44ff3b16daf65ebe025a42a075e1e44d0e2daad6c310f662a944844ab90908590769a618c1b4fb03017b36a4981e5ed0e7dc50cc2f39808138e4f84ec1928b3e76c0fcff6f7b1b833c32bba054b3bdbe9692fe12b45bdd9e0f844996786629e1d6e504d0522dbd602bb3e0c360bae37a56e09080f8c87d5fa5cdc47b3425f7080b7ad7f880f6c7e92ed677bf8fea9e5e0e6719aa33072225df7a6f39fdb7cd5c5d46af5e9c11a1f9b40088130ba327f86fbccfefefd8b9d85576303cdfd4736f3d91fede77d976fe3bcde937cefe8133c7eb68f13e31d54c3769ac6c15592a21bd39d1da32d5721eb6b8cd53c33b882dd03ab58dde5f03be7f770e59c763a7d83ad8d13d6cb4491c6f80639d7235dd2c9a18ae544e2b2a994d2a9aaa84863750594476e568eeca24e1a2ac3fe7acc37779fe6ce23c304ce71ae5ebb93ce4c93307129378b8cd70b94932ccdd8214d5df24a33af748a353d07b971d96156ce3ccda133bd7cfc910b98d40b5152c3c41966dbda70b1d479f091c776608c61c1eacd2f076b62e2240081efb176d5e227eedbb6f716955688c294be599a5adac196276672d98ac3fcceba13fcd69a4e9a91248e03522b719c08df31e448706413640c42b17b7c03effada3bf8f0b56f6543b1cec1bd3b196c464837839ff170a4420a49dca8801ea73b49982141460ea3c2e0fb4594eb9146116747c749d3180f58d43b83ff7aed2a4e359e6645f6613e72eddd908c8276496d401397c828d2b4c595651cf0dc084f565034d87f72163f3a348b39dd1db8b53adac9138f9c627967be7fe5b215472af5c64b62b69780b566edba29b07c3cc779aa74ffeea85a19f46d6929bb47c7b8b6b79339f34b68e121c318950e52922d2d7cdef34cd14268ddb2ad5208e604fdac2a6d676cfc0a42af0da3b2648a198c35c4694a6453749aa084c4f37d8c74a7b87b8990d0089be846add594e2ba787e8052926a6c092a21c5b1639c3f77079833d8c8024d94a89097509080ff424c6b8d22310a8c6466a148ef825e0e3eac68ea360a32a4796c17ab57cedfbe64e99266b319fee42e1acf71a7e812c9bc39f38e2e2de4f63e7662cf0677c352eaee7a3eb64371b619f3fe95132ce93a8ab4126325980498e2c75f983101eb90a6868ecc20bf7be52e760fefc40f5e8b48638c2bf1bd00d75a1cb775193a6da52bcd30244962324106d775f07def1ceb6a8cc61a4dad56a3989bcd50bdc1954bb772fdf213d02860451d2b6c8bc4d12db6a1155db51c8f462085cb68b38f7b0e6ee0e33bae649f598b9bcbe22467288e1da677e9753fba7ffb56cc540af786798b5e0ed6c8c0c8b9bf8bf9fcd0f92bfa9e7ea4ffc00677dd24527834b37379f4cc355cda768c853386719d71441a226c2bc5797e76f179220212b02ea98e58dc36c0cee365ac14647301139315d2542310f826c00a88a3102c2469823686308a105184a31c3cdf476b4d9a24185240506c2bb2bb3cc6dc8ea3e48209c258e0698db2ade0c14e45f2d248acb1a02cc66a5cbfc8f1c13cf70daee2a859046e0169158d13fb59ee99a14b5ff5ca4785ebf1e3b3982fc90d0b6dede78ea05064edfad55b3a074e18bf9620a4c137292792196c9d5ccc967db318ad97b052b6cae1464c9b5f484723054c26059e3d1d32125a3ccf21083208215f9016adcfa9712693a550c8e33a2e20705d17ac3dd71f06023f13e0792e7b87ea1c9d288271f1748ab43fc67c59d052a095c40a8bb62e3b0e95d87e621e7b871712cb3c1283e344707807e7af5afef048fff8d9b347cf3270748081a303d3835589f5b963b85267c99a0d4f2c72ed4933b81beb1640b8a4b164a4b69834378fc4eb2011b91617250dc20a84955382ff029b205d870393591e1c2c3110198ad90c5aa704814f2e9f2757c8e3fb1ed96c964c364392c4542a1584b0e4f3793cdfc30f3c32990c7ee0e3790e6883f07cb60df93c31b200d22cd28011f21cf12c2c28d1a2886265899404b784ebcd6494f59c88e721441e475a4c7d04af7f3fd75eb6f19ece4289a21b50f45ac7b4366bfefc452f918d5c3e77e2b28d0b1fddb9e79105f96597531529c2cdf0c0d9d564d410d59131ae583e4a6fa7874e0ccaa62f4c488856f5a015dc5b4e573b391e2ee3e84499cd0bda3971769446bd0e52e2384eab50a135d8563899c96448528d36cd2922a365b3d2342589436676cea0e904ecab5a0ace5caa6981821a6fd52dc58fab8fc5b79634553c712ccb4367cfe3cefe55d428e1f921566431879f6559363e35bbbbfb11610d9e523fbd31a4168ebce4189d3ccd15d76dfa566178bf752607308e83b51ea9dfcea97401557f390d3b8f7a334059811116235bbd1a2f90ff2de3619336a0c09181088bc4f77c1cc7052130d6229148e9e0791e4a3958d3f2ca52c973b6c3d252c3c0cb10041e23b588d365431c15884d80755f9aa65ac01ab05a628da2117710b9f319b44b984c5720ad4b9234714c04cf3dcef5976cdcba64d192636e0a19e19c3ba695ac4277f6657d0febafb8f0be55dd5f7d6ec7d1ed6bbccd372074136d32ec3ab384ef2613d42ac3bc6afe38abfa6212217184006dcf95ad30020c143d034e95bd1309896e23a314891b20a4403eaf3ad690a629f57a481cc738a512b95ca655a232164b8a14d0ac2714f2058e4dd618ad4bd676c478de24c282a155be6be54560ac44b9964a5462cbee396c1d5dcfdd830b18d11a0f0f633d64e524a5c1c3e91597fde1f7bb7b7b28b4977e76036e46665fc62efaaedbb8e5aaabef78ea5b8f7c3473fed5541d071b6a8ccd514d56d2d93d44b37d90d3b5263d390b22c15afb02ff272c24296b7bcf303b779c03131b291b8fbcef7374e80c52b9789ed7022a4eb158824c402e97254d35e57219632c81ef11c721c66864e011e433ecdbdf84688c4b17eca1e054b1b17cb1b59c62881caa0d874a5422b3a09746631135e6830a485283937361cf76d6f7b4ed9b3577fefddb9fddf33290365dd0f372b09253b597f724f93e175d78fe77e77efdbb7f38746c7f8fecbb004593b454e4b14a8e238f0ff3968593bc7b71485f5b13adc329da4820b0682590a96475c75e7e6fed563efec84c4ed4ba595cc892a9e45abf9b46485a01a95582286aa284c2715c5c95254d12c238c6510eae9fc373144a4a1e1b9c60cd8ca778d7aa1f419a925a17f7c5bed01a1cc752b7051e3fbc8ccf1db8962de595d8421b6e9aa2dd94200c499e7988d7bffdf26fac58bd7ab2f9a2c4f9a74ad699caf8b4dd7f4157c7becb372cb9fb2bbb1f7ab7dbb791442a08238497524ed6f0f469c9b26c9934aeb1a657a3fc46cbce2810c68032a87492ffe3a2fb79ee483b7b06e6b17a698e42e05268cb2354abe552e894d1f218692322492c2a70e9ee9c4190692396028b216986b81aead627adede02f5ef924f30a07204e71644bed8d12ad327caa38db5fe499d1853c58deccfec60a843f03695c844d1085007b70278b6463e8d22baff8cad9b367ce05a22f7174d9f66972c3f2e4b4880661c025176dbae3ae4f7fe596e6f8d162d8b908995451d6a0dd1c4f4fcca7e3f455740601ddfa294ae20c4ab8285c50315aa458e3d0e54df0fb97efe2a9fe0354ec75ecc92b0e8e1ac27a82a70c4b4a3e2b67cc64511f78b6498d027bcb0d0e4d3619a809022be8cb67d8dcd7c689e10a572ddcc7eb17ed479b22da532834d6046852acae138a2efacd32b68caee7fe33e7312ce66389c136885d43314e49b6dfc57517adfabae7052727c6c6a617a9be69246b6c78f0270e0b7476756d593f2bffe0f63d0fdc54b8aa8f8ab4add2bdf589b3b3b877d061e7f042faf65e4a67a1464984083b429c6a22b7848c05199150c94806871d3ebfef0087276b68e3b64aff5e0aa649c96bb2beaf444f21c7ce63a738548b315a805384d84012d3d57186f9454347a68f27bf7f039528871509d25ab2d2c1715d9aa9643c2a71ba319313d55e62351321345218646a116e803cf52cb3270f4c6c3eefb7be3c70ea24713cfd94ca9ab5174c0356fd274f1b4c860d2eb9f4827f7ceabf3f7e636ed3ab552ddb87d28654a7589510075d9c4e66d35f5e041306224947fe281b66eca7645c1237a6ee78045183f95dfb49dc43ac4362d33102476133051a1a4ca38e699669d68aacebf3d9e82538aa93d834908e204d1c740ada44489532569f07995693085ab077b48b83e53520bb5a85592701af05a456210207eb425e68c227bfc72bd6affcf69a4d973e5dadd7c9fe22e3285133faa927b797da1f5cdbe17cefd95d0fbe3e73f97b08f554026d25e808418a36166c00bac9db566de3ad1d4fb2754b4cef821293c33502e333daac11c70e8be778bce2b587183b99e399a767d0d6070b574eb27ce959763f3b8f1dbbb2f4cdd59c38ac699fd9c5996313f4f4e649c308c777a8356392d027af0c077637b9f92638babe8d5bef9c4b64bbc14d405671f05a519a6875f608e5a0ceee65d6f0fef19bdeff67b74be512f8995f6c7647853fe364cfb197ae5df10ffb1f7ee8d572fd355e23db834062640a3a6569fe286bda0e128926b5d07271db038c1e2cf383ef75b17cde38bb761f60566f0f8d46ccc6f505b61f69b2f17c9f7bbe53e3ee7b35f3966758be788cea95dd7ced5f52763c37c8ea35599ed936c6ea3519d258b1c7ab3234384c7ba90b816256afe4e4c9539c3ca158b3c0b0f2f543dc38ef9b34453725074e25b3d83e7409b16751a4a438e4ada0b9ed21deb471e15debd6ae7dac52ade2bb3f7b8c49bc38b3fe9b0ffde79f3992e22a21bfffe0d62fef987de56fe92bde4333355811436ab828bf9d6fdcf8af74971ea319fa181d736670267b7778cce9f199b4797c4762d241365fa838be5f336b4ecaa183591a49865a3d249cd0ac5b5f6078b48a1559c230a1a33d439c18c2468c74209b1364fd0c95c988ea644a5bafc7682d66667188b54bab34dc0e0277145f76f3fe076fe69f0fbe16c76d072d919e43e7e9dd38dff99bc98ffec79b2f9fd1ddbb673a0ff8e275fd0d6f99460d93e867a2ab5dc79cb772e93fec7be2d1eb9215577736dae622018f1c3b26d6f3c11f3dcadf5f2329faa38c8d2ae606a759759de2a9d159dc737c0961bc042962eed8621032253e6b717d0fcf06a4993a3693e1beb331ae4cc04ab410a8bac21881103e5657111510c6c5e0936612aeb7dbb875c37334ca31d5094b474f3fae75f8ccf635dcb9ff121c0a48eb124b419b4c081ffb366fded0775bd7cc9e3dcdb0f96f1ba1ab453fc7cc6214932db56f9be7475f3ab4e3eeff5478d51fd0483d84084949289767d26cb8b439291d81464711bae171f8cc02fef9e9df25f61781536fa544d64c75df98a93a5702c29d6a4c98eaf4c3bcf0d802f37c696baa535048489b14e7977973ef3652dba4ade0e01a45a2a1bf1a1046598457c4ea265e90c11e7d9c9913870f5df3def7fe63a1d4891f27ff36b0e6cf9ef7734f88bde955d77ce21feefcc18de1aa8b16270baea2d930ac291ee4e3afd9ce9c52998a6d43153d9c82835215b2a3353c2f439c49514a43ea6084445a3b751976aa086a5f74692f7eeff9d4d80561b1c262901006e47d812c1528042e467b44c2c1f7ea7ce89a671989b770dba13e3c6129c4a3d47ff8455ef7cacd9f5eb166fd897abd8e17f06f03ab90cbffdccf4a29e5726757ccf2fee6f16ddffe9cdbbb99d0c6e47229771c5ac8c0c83acec6051c995012112b3a2b9c8ae6100711d23610a9c08868ca3bbd34973bf7a73d37bf72ee9f0239c53db4a452588d256567bc8c8f1dbe9113031946a212a953475858ded120b25d28770c95e9257cf2bb2c36a34f5c7ec5a55f68311cbf00523f6ee0ffee137ffb0b4c485b4e9f3e9179e8a9fd5f3fb5e85537aaabde48cda44475b03ad3ea8340b4fa1fe3511c27c20625acce62849deaf47b518f9698ae8be3c56f8873c9b9b0768a5998222b74888925887c4b388501e180ac91f1c05759bca143e86ffe3fcdbf7cdb6b6f5cb9eebc07dadb3bd05aff5cf7ba69d374a5b05af51742ba7bcefce6458de8afc61fbe7d49b9fff11541c772f2dd8b887ae692e6da5ac54f3c4c7136890191c458376999292ba7860ca6c0312f064a4ed3d0f17c27b268b5594a8b100a691c8493c5cb8042636cab0bc62f0f924ef66306fa91a78f59467797af5ad9fd894baeb8e281244d69346a885f7012dff9f171945f64c5718c749c67aedcb86673323e7c7effe97b3637ce8a0ba29df96575999b59f3da3bc8f508ddde8d2c76e177f5d2f05c64a1131c1f1c07eb64a6a4a6d579dceada705e2451bad5680b38c2c5a429d246103670e2269e8d892727709b55c4e81164b93f15d5b171777268a42b1d3f1435ca3bdb99f9f4860b2f7826d79d1d6c862152ca5ff85effdd0fc110803106e5b815fc608b1572cba675abc9d960c6c8d0e4a2d8448b0b6d83cbc7aac717d747f5dce38f4dce4af285ae54f885ba1044ae870ada117e91c82a8cf2917e06943335a36871a424c062c22a2a6910d5eb046944362dc79ead8d9447ce8e2f6c2b9e4d1ae5fe99f9e050ffe913c766f6f61d734bb993f3ba978f3fb1730742b8389e8f31e6e58dbcbfee2786d8a9f6220ba45a93583d12267a64f9ea95db56af9b4fa316aab3c74eb6cd2b9d28bced1d6fef78e0c1fbe7cc9eb760e6c4786546b53cde3d367eb63d93cbe76a51d3199bac654c9a7a021bbaae1b4d94ab496574b8b1606e6f75f6ec9eb1622e18dafddce9e159f3670d9c3c3930f4c8c9038d65cbae9eac55d2465fdf5c462be32456a02ca4c6bc305afc4bb84ff19be794feda1eaff21bb07eb37ec2fa1f03007140387ceb4d120d0000000049454e44ae426082);

-- --------------------------------------------------------

--
-- Struktur dari tabel `tbnilai`
--

CREATE TABLE `tbnilai` (
  `id_nilai` int(11) NOT NULL,
  `kode_kelas` varchar(255) NOT NULL,
  `nis` int(11) NOT NULL,
  `nik` int(11) NOT NULL,
  `kode_pelajaran` varchar(255) NOT NULL,
  `semester` varchar(10) NOT NULL,
  `nilai_uts` int(11) NOT NULL,
  `nilai_uas` int(11) NOT NULL,
  `nilai_tugas` int(11) NOT NULL
) ENGINE=InnoDB DEFAULT CHARSET=utf8mb4;

--
-- Dumping data untuk tabel `tbnilai`
--

INSERT INTO `tbnilai` (`id_nilai`, `kode_kelas`, `nis`, `nik`, `kode_pelajaran`, `semester`, `nilai_uts`, `nilai_uas`, `nilai_tugas`) VALUES
(13, '1', 5001, 5002, '1', '1', 77, 77, 77),
(14, '1', 5001, 5002, '1', '1', 70, 70, 70),
(15, '1', 5001, 5004, '9', '1', 80, 80, 80),
(16, '1', 5001, 5004, '9', '1', 80, 80, 80),
(17, '1', 5001, 5002, '5', '1', 90, 70, 85),
(19, '1', 5001, 5004, '8', '1', 90, 90, 90),
(20, '1', 462315, 5001, '10', '1', 80, 80, 80),
(21, '2', 5003, 5002, '1', '1', 70, 70, 70),
(22, '1', 5045, 5006, '1', '1', 89, 88, 80),
(23, '1', 125656, 5008, '1', '1', 80, 80, 80),
(24, '1', 232441, 5009, '1', '1', 70, 70, 70),
(25, '3', 5018, 5006, '1', '1', 89, 68, 70),
(26, '6', 5031, 5009, '1', '1', 80, 80, 80),
(27, '1', 5001, 5001, '1', '1', 70, 70, 70),
(28, '1', 5003, 5003, '10', '1', 70, 70, 70),
(29, '1', 5001, 5008, '10', '1', 75, 75, 75),
(30, '1', 5001, 5006, '2', '1', 80, 80, 80),
(31, '1', 5001, 5008, '3', '1', 70, 80, 70),
(32, '1', 5001, 5009, '9', '1', 80, 80, 80),
(33, '1', 5001, 5008, '8', '1', 80, 80, 80),
(34, '1', 5001, 5006, '7', '1', 70, 70, 70),
(35, '1', 5003, 5001, '1', '1', 80, 80, 80),
(36, '2', 5003, 5001, '1', '2', 70, 70, 70),
(37, '1', 5006, 5003, '1', '1', 85, 80, 80),
(38, '1', 5006, 5003, '1', '1', 80, 80, 80),
(39, '2', 5001, 5006, '1', '1', 80, 80, 80),
(40, '1', 567, 0, '1', '32', 23, 23, 23),
(41, '1', 567, 0, '1', '2', 23, 23, 23),
(42, '1', 567, 0, '1', '2', 23, 32, 23),
(43, '2', 5003, 5001, '244', '1', 44, 44, 44);

-- --------------------------------------------------------

--
-- Struktur dari tabel `tbpelajaran`
--

CREATE TABLE `tbpelajaran` (
  `kode_pelajaran` varchar(11) NOT NULL,
  `nama_pelajaran` varchar(50) NOT NULL,
  `kkm` varchar(50) NOT NULL
) ENGINE=InnoDB DEFAULT CHARSET=utf8mb4;

--
-- Dumping data untuk tabel `tbpelajaran`
--

INSERT INTO `tbpelajaran` (`kode_pelajaran`, `nama_pelajaran`, `kkm`) VALUES
('1', 'Bahasa Indonesia', '90'),
('10', 'Penjaskes', '78'),
('2', 'Ilmu Pengetahuan Alam', '75'),
('244', 'Pemrograman 1', '80'),
('3', 'Matematika', '80'),
('4', 'Ilmu Pengetahuan Sosial', '75'),
('5', 'Bahasa Arab', '75'),
('6', 'Bahasa Jepang', '70'),
('7', 'Pendidikan Kewarganegaraan', '80'),
('8', 'Seni Budaya', '75'),
('9', 'Pend. Agama Islam', '80');

-- --------------------------------------------------------

--
-- Struktur dari tabel `tbpembayaran`
--

CREATE TABLE `tbpembayaran` (
  `id_transaksi` int(11) NOT NULL,
  `nis` int(11) NOT NULL,
  `tgl_bayar` date NOT NULL,
  `bulan_bayar_dari` varchar(25) NOT NULL,
  `bulan_bayar_sampai` varchar(25) NOT NULL,
  `tahun_bayar` varchar(25) NOT NULL,
  `total_bayar` varchar(50) NOT NULL
) ENGINE=InnoDB DEFAULT CHARSET=utf8mb4;

--
-- Dumping data untuk tabel `tbpembayaran`
--

INSERT INTO `tbpembayaran` (`id_transaksi`, `nis`, `tgl_bayar`, `bulan_bayar_dari`, `bulan_bayar_sampai`, `tahun_bayar`, `total_bayar`) VALUES
(2, 5001, '2020-07-27', 'Januari 2020', 'Februari 2020', '2020', 'Rp.300000'),
(3, 5001, '2020-07-27', 'Januari 2020', 'Februari 2020', '2020', 'Rp.300000'),
(4, 5001, '2020-07-27', 'April 2020', 'Mei 2020', '2020', 'Rp.300000'),
(5, 5003, '2020-07-28', 'Januari 2020', 'Februari 2020', '2020', 'Rp.300000'),
(6, 5002, '2020-07-28', 'Januari 2020', 'Februari 2020', '2020', 'Rp.300000'),
(7, 5004, '2020-07-28', 'Januari 2020', 'Maret 2020', '2020', 'Rp.450000'),
(8, 5001, '2020-07-28', 'Januari 2020', 'Januari 2020', '2020', 'Rp.450000'),
(9, 500123, '2020-08-04', 'Agustus 2020', 'September 2020', '2020', 'Rp.300000'),
(10, 5006, '2020-08-06', 'Januari 2020', 'Februari 2020', '2020', 'Rp.300000'),
(11, 5001, '2020-08-22', 'Januari 2020', 'Maret 2020', '2020', 'Rp.450000'),
(12, 5006, '2020-08-27', 'Januari 2020', 'Februari 2020', '2020', 'Rp.300000'),
(99, 56856, '2020-11-06', '', '', '', '500000'),
(121, 213, '2020-11-13', 'Januari 2020', 'Februari 2020', '2020', 'Rp.232323'),
(122, 0, '2020-11-18', 'Januari 2020', 'Januari 2020', '2020', 'Rp.300000'),
(23232, 213, '2020-11-12', 'Januari 2020', 'Februari 2020', '2020', 'Rp.400000');

-- --------------------------------------------------------

--
-- Struktur dari tabel `tbsiswa`
--

CREATE TABLE `tbsiswa` (
  `nis` bigint(30) NOT NULL,
  `nisn` varchar(30) NOT NULL,
  `nama_siswa` varchar(50) NOT NULL,
  `nama_panggilan_siswa` varchar(15) NOT NULL,
  `tempat_lahir_siswa` varchar(15) NOT NULL,
  `tanggal_lahir_siswa` date NOT NULL,
  `jenis_kelamin_siswa` varchar(25) NOT NULL,
  `nama_ayah` varchar(25) NOT NULL,
  `nama_ibu` varchar(50) NOT NULL,
  `alamat_siswa` varchar(75) NOT NULL,
  `kode_kelas` varchar(25) NOT NULL,
  `foto` varchar(255) NOT NULL
) ENGINE=InnoDB DEFAULT CHARSET=utf8mb4;

--
-- Dumping data untuk tabel `tbsiswa`
--

INSERT INTO `tbsiswa` (`nis`, `nisn`, `nama_siswa`, `nama_panggilan_siswa`, `tempat_lahir_siswa`, `tanggal_lahir_siswa`, `jenis_kelamin_siswa`, `nama_ayah`, `nama_ibu`, `alamat_siswa`, `kode_kelas`, `foto`) VALUES
(0, '34546t46', 'retgdety', 'ertret', 'ertetre', '2021-04-16', 'Laki-laki', 'ertert', 'ertret', 'ertret', '1', 'asdadasdadas.JPG'),
(2323, '12323', 'Syahrul Rizal', 'Syahrul', ' Jakarta', '2000-01-05', 'Laki-laki', 'Adi', 'Yati', 'Pasar Rebo, Jakarta', '1', 'default.jpg'),
(4574, '1232133', 'Mutiara Bayangkari', '12', '  123', '2020-11-05', 'Laki-laki', '123asdasd', '213', '123', '2', '36148386_235329013928908_5587443012587225088_n.jpg'),
(5001, '1004', 'Muhammad Fahrial Ababil', 'Fahrial Awe Awe', '        Bogor', '2020-11-06', 'Laki-laki', 'Susanto', 'Sri Haryanti', 'Lingkungan 02 Citatah Dalam 001/013 Ciriung Cibinong Bogor', '3', 'default.jpg'),
(5003, '4562', 'Ari Permana', 'Ari', '  Bogor', '2000-01-21', 'Laki-laki', 'Toni', 'Iriyanah', 'Desa Puspasari, Karanggan, Citeureup', '3', 'default.jpg'),
(5006, '4562', 'Danang Nur Firdaus', 'Danang', 'Bogor', '2000-08-03', 'Laki-laki', 'Agung', 'Siti', 'Desa Mekarsari, Cibinong Bogor', '1', 'default.jpg'),
(5675, '234234', 'Dini Paramitha', 'Dini', ' Bogor', '2020-11-12', 'Perempuan', 'AY', 'AR', 'Ciriung, Bogor', '2', 'IMG_32991.jpg'),
(45745, '4562', 'Danang Nur Firdaus', 'Danang', 'Bogor', '2000-08-03', 'Laki-laki', 'Agung', 'Siti', 'Desa Mekarsari, Cibinong Bogor', '1', 'default.jpg'),
(54546, '12345', 'Dita Lestari Muslimah', 'Dita', 'Jakarta', '1991-02-08', 'Perempuan', 'Adi', 'Yati', 'Cirimekar, Cibinong', '2', 'default.jpg'),
(54656, '1232133', 'Didit Royadi', 'DIdit', ' Bogor', '1990-03-09', 'Laki-laki', 'Adi', 'Yati', 'Cirimekar, Cibinong', '1', 'default.jpg'),
(57457, '1232133', 'Mutiara Bayangkari', '12', '  123', '2020-11-05', 'Laki-laki', '123asdasd', '213', '123', '2', '36148386_235329013928908_5587443012587225088_n.jpg'),
(89090, '1004', 'Muhammad Fahrial Ababil', 'Fahrial Awe Awe', '        Bogor', '2020-11-06', 'Laki-laki', 'Susanto', 'Sri Haryanti', 'Lingkungan 02 Citatah Dalam 001/013 Ciriung Cibinong Bogor', '3', 'default.jpg'),
(346346, '12323', 'Syahrul Rizal', 'Syahrul', ' Jakarta', '2000-01-05', 'Laki-laki', 'Adi', 'Yati', 'Pasar Rebo, Jakarta', '1', 'default.jpg'),
(442354, '12345', 'Dita Lestari Muslimah', 'Dita', 'Jakarta', '1991-02-08', 'Perempuan', 'Adi', 'Yati', 'Cirimekar, Cibinong', '2', 'default.jpg'),
(456456, '1004', 'Muhammad Fahrial Ababil', 'Fahrial Awe Awe', '        Bogor', '2020-11-06', 'Laki-laki', 'Susanto', 'Sri Haryanti', 'Lingkungan 02 Citatah Dalam 001/013 Ciriung Cibinong Bogor', '3', 'default.jpg'),
(456546, '234234', 'Dini Paramitha', 'Dini', ' Bogor', '2020-11-12', 'Perempuan', 'AY', 'AR', 'Ciriung, Bogor', '2', 'IMG_32991.jpg'),
(546456, 'ewr', 'wer', 'wer', 'wer', '2020-11-04', 'Laki-laki', 'wer', 'ewr', 'wer', '2', 'al-anshor1.jpg'),
(546546, '1232133', 'Mutiara Bayangkari', '12', '  123', '2020-11-05', 'Laki-laki', '123asdasd', '213', '123', '2', '36148386_235329013928908_5587443012587225088_n.jpg'),
(890780, '4562', 'Danang Nur Firdaus', 'Danang', 'Bogor', '2000-08-03', 'Laki-laki', 'Agung', 'Siti', 'Desa Mekarsari, Cibinong Bogor', '1', 'default.jpg'),
(1233124, '1232133', 'Didit Royadi', 'DIdit', ' Bogor', '1990-03-09', 'Laki-laki', 'Adi', 'Yati', 'Cirimekar, Cibinong', '1', 'default.jpg'),
(3424234, '234234', 'Dini Paramitha', 'Dini', ' Bogor', '2020-11-12', 'Perempuan', 'AY', 'AR', 'Ciriung, Bogor', '2', 'IMG_32991.jpg'),
(37457547, '1232133', 'Didit Royadi', 'DIdit', ' Bogor', '1990-03-09', 'Laki-laki', 'Adi', 'Yati', 'Cirimekar, Cibinong', '1', 'default.jpg'),
(45235235, '221', '123', '123', '123', '2020-11-03', 'Laki-laki', '213', '123', '123', '2', 'default.jpg'),
(45745754, '4562', 'Ari Permana', 'Ari', '  Bogor', '2000-01-21', 'Laki-laki', 'Toni', 'Iriyanah', 'Desa Puspasari, Karanggan, Citeureup', '3', 'default.jpg'),
(56764457, '12345', 'Dita Lestari Muslimah', 'Dita', 'Jakarta', '1991-02-08', 'Perempuan', 'Adi', 'Yati', 'Cirimekar, Cibinong', '2', 'default.jpg'),
(213213213, '1232133', 'Mutiara Bayangkari', '12', '  123', '2020-11-05', 'Laki-laki', '123asdasd', '213', '123', '2', '36148386_235329013928908_5587443012587225088_n.jpg'),
(352355329, '12323', 'Syahrul Rizal', 'Syahrul', ' Jakarta', '2000-01-05', 'Laki-laki', 'Adi', 'Yati', 'Pasar Rebo, Jakarta', '1', 'default.jpg'),
(457457547, '234234', 'Dini Paramitha', 'Dini', ' Bogor', '2020-11-12', 'Perempuan', 'AY', 'AR', 'Ciriung, Bogor', '2', 'IMG_32991.jpg'),
(545546767, '1232133', 'Didit Royadi', 'DIdit', ' Bogor', '1990-03-09', 'Laki-laki', 'Adi', 'Yati', 'Cirimekar, Cibinong', '1', 'default.jpg'),
(546534336, '4562', 'Ari Permana', 'Ari', '  Bogor', '2000-01-21', 'Laki-laki', 'Toni', 'Iriyanah', 'Desa Puspasari, Karanggan, Citeureup', '3', 'default.jpg'),
(567454567, '1004', 'Muhammad Fahrial Ababil', 'Fahrial Awe Awe', '        Bogor', '2020-11-06', 'Laki-laki', 'Susanto', 'Sri Haryanti', 'Lingkungan 02 Citatah Dalam 001/013 Ciriung Cibinong Bogor', '3', 'default.jpg'),
(890235239, '4562', 'Ari Permana', 'Ari', '  Bogor', '2000-01-21', 'Laki-laki', 'Toni', 'Iriyanah', 'Desa Puspasari, Karanggan, Citeureup', '3', 'default.jpg'),
(5435345345, '4562', 'Danang Nur Firdaus', 'Danang', 'Bogor', '2000-08-03', 'Laki-laki', 'Agung', 'Siti', 'Desa Mekarsari, Cibinong Bogor', '1', 'default.jpg'),
(5464565656, '12323', 'Syahrul Rizal', 'Syahrul', ' Jakarta', '2000-01-05', 'Laki-laki', 'Adi', 'Yati', 'Pasar Rebo, Jakarta', '1', 'default.jpg');

-- --------------------------------------------------------

--
-- Struktur dari tabel `tbuser`
--

CREATE TABLE `tbuser` (
  `id` int(11) NOT NULL,
  `username` varchar(128) NOT NULL,
  `password` text NOT NULL,
  `nama` varchar(255) NOT NULL,
  `role_id` int(11) NOT NULL,
  `is_active` int(11) NOT NULL
) ENGINE=InnoDB DEFAULT CHARSET=utf8mb4;

--
-- Dumping data untuk tabel `tbuser`
--

INSERT INTO `tbuser` (`id`, `username`, `password`, `nama`, `role_id`, `is_active`) VALUES
(1, 'admin', 'admin', 'Administrator', 1, 1),
(2, 'user', '1234', 'Siswa/siswi', 2, 1);

--
-- Indexes for dumped tables
--

--
-- Indeks untuk tabel `tbguru`
--
ALTER TABLE `tbguru`
  ADD PRIMARY KEY (`nik`);

--
-- Indeks untuk tabel `tbkelas`
--
ALTER TABLE `tbkelas`
  ADD PRIMARY KEY (`kode_kelas`);

--
-- Indeks untuk tabel `tbnilai`
--
ALTER TABLE `tbnilai`
  ADD PRIMARY KEY (`id_nilai`);

--
-- Indeks untuk tabel `tbpelajaran`
--
ALTER TABLE `tbpelajaran`
  ADD PRIMARY KEY (`kode_pelajaran`);

--
-- Indeks untuk tabel `tbpembayaran`
--
ALTER TABLE `tbpembayaran`
  ADD PRIMARY KEY (`id_transaksi`);

--
-- Indeks untuk tabel `tbsiswa`
--
ALTER TABLE `tbsiswa`
  ADD PRIMARY KEY (`nis`);

--
-- Indeks untuk tabel `tbuser`
--
ALTER TABLE `tbuser`
  ADD PRIMARY KEY (`id`);

--
-- AUTO_INCREMENT untuk tabel yang dibuang
--

--
-- AUTO_INCREMENT untuk tabel `tbnilai`
--
ALTER TABLE `tbnilai`
  MODIFY `id_nilai` int(11) NOT NULL AUTO_INCREMENT, AUTO_INCREMENT=44;

--
-- AUTO_INCREMENT untuk tabel `tbpembayaran`
--
ALTER TABLE `tbpembayaran`
  MODIFY `id_transaksi` int(11) NOT NULL AUTO_INCREMENT, AUTO_INCREMENT=23233;

--
-- AUTO_INCREMENT untuk tabel `tbuser`
--
ALTER TABLE `tbuser`
  MODIFY `id` int(11) NOT NULL AUTO_INCREMENT, AUTO_INCREMENT=3;
COMMIT;

/*!40101 SET CHARACTER_SET_CLIENT=@OLD_CHARACTER_SET_CLIENT */;
/*!40101 SET CHARACTER_SET_RESULTS=@OLD_CHARACTER_SET_RESULTS */;
/*!40101 SET COLLATION_CONNECTION=@OLD_COLLATION_CONNECTION */;
